group,amino_acid,bg_count,bg_freq
control,A,3407,0.07218373269680131
control,C,741,0.015699485173118293
control,D,2686,0.05690798533574525
control,E,3485,0.07383631008121515
control,F,1750,0.03707705672277928
control,G,3805,0.08061611473522061
control,H,905,0.019174135058296092
control,I,2553,0.05409012902642423
control,K,3962,0.08394245639359205
control,L,3647,0.07726858618730541
control,M,1027,0.02175893558263568
control,N,1927,0.040827136172026046
control,P,2159,0.045742494546180006
control,Q,1807,0.038284709426774
control,R,2820,0.059747028534610044
control,S,2863,0.06065806478499203
control,T,2523,0.05345452234011122
control,V,3203,0.06786160722987283
control,W,418,0.008856119850481528
control,Y,1511,0.032013390121818946
treatment,A,2053,0.06927853140360496
treatment,C,498,0.01680502128176755
treatment,D,1690,0.05702908820474517
treatment,E,2250,0.07592630085312391
treatment,F,1044,0.03522980361393683
treatment,G,2235,0.07542012551432804
treatment,H,589,0.019875818337129095
treatment,I,1629,0.05497064182697534
treatment,K,2540,0.08571235740317719
treatment,L,2439,0.08230411012195174
treatment,M,675,0.02277789027955869
treatment,N,1188,0.04008908686637708
treatment,P,1347,0.04545454545761319
treatment,Q,1170,0.03948167645982205
treatment,R,1772,0.0597961800568292
treatment,S,1780,0.06006614023752033
treatment,T,1643,0.055443072143184814
treatment,V,1955,0.06597151919013869
treatment,W,248,0.008368765635169896
treatment,Y,889,0.02999932511304628
