group,amino_acid,bg_count,bg_freq
control,A,1581,0.0690785161715572
control,C,384,0.016778083657291838
control,D,1280,0.055926945422355975
control,E,1683,0.07353519463141941
control,F,801,0.03499803383143441
control,G,1768,0.07724909334797127
control,H,455,0.019880281408764557
control,I,1292,0.05645126053528094
control,K,2082,0.09096867213617453
control,L,1813,0.07921527502143988
control,M,524,0.02289509330808311
control,N,953,0.041639358595150645
control,P,975,0.04260060296884642
control,Q,851,0.037182680135288436
control,R,1407,0.061475947034145204
control,S,1314,0.057412504908976716
control,T,1252,0.05470354349219772
control,V,1565,0.06837942935432392
control,W,192,0.008389041850492383
control,Y,715,0.031240442188805485
treatment,A,1581,0.0690785161715572
treatment,C,384,0.016778083657291838
treatment,D,1280,0.055926945422355975
treatment,E,1683,0.07353519463141941
treatment,F,801,0.03499803383143441
treatment,G,1768,0.07724909334797127
treatment,H,455,0.019880281408764557
treatment,I,1292,0.05645126053528094
treatment,K,2082,0.09096867213617453
treatment,L,1813,0.07921527502143988
treatment,M,524,0.02289509330808311
treatment,N,953,0.041639358595150645
treatment,P,975,0.04260060296884642
treatment,Q,851,0.037182680135288436
treatment,R,1407,0.061475947034145204
treatment,S,1314,0.057412504908976716
treatment,T,1252,0.05470354349219772
treatment,V,1565,0.06837942935432392
treatment,W,192,0.008389041850492383
treatment,Y,715,0.031240442188805485
